Timestamp,X,Y,Z
1790418240.0000000,-0.058643503203,-0.086559299414,-1.045322581680
1790418240.0166667,-0.074204203203,-0.079953219414,-1.002481761680
1790418240.0333333,-0.004082153203,-0.010790609414,-0.958439841680
1790418240.0500000,0.047252186797,-0.001774179414,-0.985686331680
1790418240.0666666,0.000783046797,-0.061739689414,-1.037222731680
1790418240.0833333,-0.050017433203,-0.083959829414,-1.031437351680
1790418240.0999999,-0.072028163203,-0.086962439414,-1.017320811680
1790418240.1166666,-0.019699503203,-0.025725959414,-0.977831291680
1790418240.1333334,0.028086056797,0.001373190586,-0.979740031680
1790418240.1500001,0.009861336797,-0.040797919414,-1.024560161680
1790418240.1666667,-0.044774383203,-0.085574349414,-1.023682031680
1790418240.1833334,-0.085622433203,-0.070937949414,-1.008200101680
1790418240.2000000,-0.026753293203,-0.026052199414,-0.968909121680
1790418240.2166667,0.032172016797,0.007513930586,-0.970759211680
1790418240.2333333,0.036011916797,-0.035269739414,-1.009190271680
1790418240.2500000,-0.032184663203,-0.079035549414,-1.020111141680
1790418240.2666667,-0.070243053203,-0.084369869414,-1.011158001680
1790418240.2833333,-0.035072543203,-0.044232739414,-0.976619381680
1790418240.3000000,0.031880176797,-0.000799429414,-0.967476821680
1790418240.3166666,0.038127046797,-0.028626839414,-1.006665681680
1790418240.3333333,-0.029523993203,-0.076045149414,-1.033653361680
1790418240.3499999,-0.063362373203,-0.088800599414,-1.024002381680
1790418240.3666666,-0.051627793203,-0.049316069414,-0.981476591680
1790418240.3833334,0.029223646797,0.009908290586,-0.968171191680
1790418240.4000001,0.034221856797,-0.018999889414,-0.998400131680
1790418240.4166667,-0.019003313203,-0.067494189414,-1.016975911680
1790418240.4333334,-0.066491623203,-0.084536519414,-1.015065031680
1790418240.4500000,-0.053296743203,-0.056220619414,-0.983702791680
1790418240.4666667,0.003287936797,0.004956100586,-0.968634031680
1790418240.4833333,0.049873356797,-0.009606519414,-0.984199561680
1790418240.5000000,-0.029021773203,-0.066097369414,-1.032797411680
1790418240.5166667,-0.062534923203,-0.085086389414,-1.033487741680
1790418240.5333333,-0.065681223203,-0.076483669414,-1.002359621680
1790418240.5500000,0.006199936797,-0.005581319414,-0.966296871680
1790418240.5666666,0.047756126797,-0.008199769414,-0.993609281680
1790418240.5833333,-0.002718223203,-0.059049309414,-1.031800151680
1790418240.5999999,-0.068005233203,-0.085597849414,-1.025450281680
1790418240.6166666,-0.058173753203,-0.073429549414,-1.004600471680
1790418240.6333334,-0.018773713203,-0.018613259414,-0.975502261680
1790418240.6500001,0.043009886797,0.004002350586,-0.984602391680
1790418240.6666667,0.005573276797,-0.055659799414,-1.031298661680
1790418240.6833334,-0.050279233203,-0.091166279414,-1.039594911680
1790418240.7000000,-0.065408693203,-0.073816389414,-1.004108701680
1790418240.7166667,-0.022548653203,-0.021321849414,-0.974474201680
1790418240.7333333,0.041624766797,0.001714320586,-0.978897011680
1790418240.7500000,0.017151676797,-0.045899719414,-1.010914141680
1790418240.7666667,-0.034247883203,-0.084689209414,-1.029663661680
1790418240.7833333,-0.076372483203,-0.076972779414,-1.004421081680
1790418240.8000000,-0.035315593203,-0.037297639414,-0.968232571680
1790418240.8166666,0.047704736797,-0.002291609414,-0.971368581680
1790418240.8333333,0.040476666797,-0.028171499414,-1.012520511680
1790418240.8499999,-0.035904613203,-0.084982189414,-1.030654271680
1790418240.8666666,-0.064390083203,-0.093968299414,-1.002372141680
1790418240.8833334,-0.035605373203,-0.035742769414,-0.974491201680
1790418240.9000001,0.025981746797,0.002487070586,-0.981223081680
1790418240.9166667,0.032295326797,-0.022279699414,-1.006780321680
1790418240.9333334,-0.034147253203,-0.063723489414,-1.027539301680
1790418240.9500000,-0.054017323203,-0.090942819414,-1.021313201680
1790418240.9666667,-0.040255163203,-0.052500029414,-0.988276971680
1790418240.9833333,0.028859696797,-0.004147909414,-0.964488151680
1790418241.0000000,0.042083566797,-0.024730189414,-0.992793571680
1790418241.0166667,-0.024407833203,-0.073113029414,-1.019981851680
1790418241.0333333,-0.065508183203,-0.075152789414,-1.030391441680
1790418241.0500000,-0.070826853203,-0.065648839414,-0.990277101680
1790418241.0666666,0.003654846797,-0.011626519414,-0.960933421680
1790418241.0833333,0.050576336797,-0.007387959414,-0.986549521680
1790418241.0999999,-0.028555913203,-0.056269999414,-1.023107281680
1790418241.1166666,-0.047213713203,-0.084031199414,-1.031912101680
1790418241.1333334,-0.058728873203,-0.069450159414,-0.991055231680
1790418241.1500001,-0.001497923203,-0.010504549414,-0.962804841680
1790418241.1666667,0.049738306797,-0.011221119414,-0.988459461680
1790418241.1833334,-0.008153563203,-0.071220009414,-1.022086801680
1790418241.2000000,-0.064621623203,-0.102865099414,-1.028346311680
1790418241.2166667,-0.061271383203,-0.078055499414,-1.008468721680
1790418241.2333333,-0.004744623203,-0.013966709414,-0.973424901680
1790418241.2500000,0.045737526797,-0.001080069414,-0.973659831680
1790418241.2666667,-0.000321863203,-0.064334599414,-1.021173041680
1790418241.2833333,-0.051995213203,-0.085588209414,-1.028233361680
1790418241.3000000,-0.073777473203,-0.084991189414,-1.014400341680
1790418241.3166666,-0.020817373203,-0.016050749414,-0.972089311680
1790418241.3333333,0.041040516797,-0.010023589414,-0.984574871680
1790418241.3499999,0.017275916797,-0.049732229414,-1.021612521680
1790418241.3666666,-0.048841193203,-0.080670209414,-1.040369391680
1790418241.3833334,-0.076752343203,-0.073100029414,-1.022608551680
1790418241.4000001,-0.032042303203,-0.037445229414,-0.962081981680
1790418241.4166667,0.031376966797,-0.002232169414,-0.969225261680
1790418241.4333334,0.021532586797,-0.040081419414,-1.010309701680
1790418241.4500000,-0.041237623203,-0.086235159414,-1.021990431680
1790418241.4666667,-0.070803543203,-0.071767789414,-1.028579631680
1790418241.4833333,-0.043951123203,-0.044041059414,-0.973172621680
1790418241.5000000,0.033493406797,-0.006327649414,-0.981591791680
1790418241.5166667,0.028448986797,-0.025000439414,-1.009134211680
1790418241.5333333,-0.034740353203,-0.073912359414,-1.024374771680
1790418241.5500000,-0.055904083203,-0.082716839414,-1.019750591680
1790418241.5666666,-0.047212893203,-0.057569149414,-0.973058841680
1790418241.5833333,0.022787896797,0.005080730586,-0.964359041680
1790418241.5999999,0.041276936797,-0.026918019414,-0.995692591680
1790418241.6166666,-0.024358403203,-0.059675949414,-1.018366831680
1790418241.6333334,-0.048391913203,-0.084802479414,-1.019851761680
1790418241.6500001,-0.056461893203,-0.083176479414,-0.982164771680
1790418241.6666667,0.012356766797,-0.000222659414,-0.961768561680
1790418241.6833334,0.047555176797,-0.010430719414,-1.000936281680
1790418241.7000000,-0.024240713203,-0.057424389414,-1.032098621680
1790418241.7166667,-0.058196483203,-0.086391109414,-1.034462951680
1790418241.7333333,-0.066114973203,-0.073407319414,-0.999451511680
1790418241.7500000,0.002914706797,-0.012509479414,-0.966663111680
1790418241.7666667,0.048475896797,-0.013347969414,-0.988979771680
1790418241.7833333,-0.006847983203,-0.057240759414,-1.025267391680
1790418241.8000000,-0.067077903203,-0.088619519414,-1.024213901680
1790418241.8166666,-0.061436103203,-0.067960119414,-1.003481721680
1790418241.8333333,-0.019329523203,-0.025787839414,-0.955054981680
1790418241.8499999,0.046798456797,-0.001935109414,-0.975167561680
1790418241.8666666,-0.001251643203,-0.057174629414,-1.029152681680
1790418241.8833334,-0.054960723203,-0.078320969414,-1.022757751680
1790418241.9000001,-0.066800813203,-0.075917639414,-1.022142621680
1790418241.9166667,-0.010054403203,-0.036133719414,-0.969037171680
1790418241.9333334,0.045137956797,-0.007455689414,-0.973891011680
1790418241.9500000,0.009599566797,-0.049068959414,-1.026398731680
1790418241.9666667,-0.044205363203,-0.077822709414,-1.033445851680
1790418241.9833333,-0.069030323203,-0.084520939414,-1.008962721680
