run_id,file,rpm,run_number,label_imbalanced,rotor_model,rotor_positions_clockwise,position_volume_map,sample_temperature_C,liquid_density_g_per_mL,nominal_sample_window_s,nominal_full_run_s,inter_run_gap_s,sample,pressure_Pa,start_timestamp_local,end_timestamp_local
1400rpm_good_2_tubes_balanced_run01,1400rpm_good_2_tubes_balanced_run01.csv,1400,1,0,24-position rotor,1;13,1:1.00 mL; 13:1.00 mL,23,0.997536,2,60,120,water,100725.793001,2026-09-26T14:45:36.525,2026-09-26T14:45:38.525
1400rpm_good_2_tubes_balanced_run02,1400rpm_good_2_tubes_balanced_run02.csv,1400,2,0,24-position rotor,1;13,1:1.00 mL; 13:1.00 mL,23,0.997536,2,60,120,water,100725.793001,2026-09-26T14:48:36.525,2026-09-26T14:48:38.525
1400rpm_good_2_tubes_balanced_run03,1400rpm_good_2_tubes_balanced_run03.csv,1400,3,0,24-position rotor,1;13,1:1.00 mL; 13:1.00 mL,23,0.997536,2,60,120,water,100725.793001,2026-09-26T14:51:36.525,2026-09-26T14:51:38.525
1400rpm_good_2_tubes_balanced_run04,1400rpm_good_2_tubes_balanced_run04.csv,1400,4,0,24-position rotor,1;13,1:1.00 mL; 13:1.00 mL,23,0.997536,2,60,120,water,100725.793001,2026-09-26T14:54:36.525,2026-09-26T14:54:38.525
1400rpm_good_4_tubes_balanced_run01,1400rpm_good_4_tubes_balanced_run01.csv,1400,1,0,24-position rotor,1;7;13;19,1:1.00 mL; 7:1.00 mL; 13:1.00 mL; 19:1.00 mL,23,0.997536,2,60,120,water,100725.793001,2026-09-26T14:57:36.525,2026-09-26T14:57:38.525
1400rpm_good_4_tubes_balanced_run02,1400rpm_good_4_tubes_balanced_run02.csv,1400,2,0,24-position rotor,1;7;13;19,1:1.00 mL; 7:1.00 mL; 13:1.00 mL; 19:1.00 mL,23,0.997536,2,60,120,water,100725.793001,2026-09-26T15:00:36.525,2026-09-26T15:00:38.525
1400rpm_good_4_tubes_balanced_run03,1400rpm_good_4_tubes_balanced_run03.csv,1400,3,0,24-position rotor,1;7;13;19,1:1.00 mL; 7:1.00 mL; 13:1.00 mL; 19:1.00 mL,23,0.997536,2,60,120,water,100725.793001,2026-09-26T15:03:36.525,2026-09-26T15:03:38.525
1400rpm_good_4_tubes_balanced_run04,1400rpm_good_4_tubes_balanced_run04.csv,1400,4,0,24-position rotor,1;7;13;19,1:1.00 mL; 7:1.00 mL; 13:1.00 mL; 19:1.00 mL,23,0.997536,2,60,120,water,100725.793001,2026-09-26T15:06:36.525,2026-09-26T15:06:38.525
1400rpm_good_4_tubes_balanced_run05,1400rpm_good_4_tubes_balanced_run05.csv,1400,5,0,24-position rotor,1;7;13;19,1:1.00 mL; 7:1.00 mL; 13:1.00 mL; 19:1.00 mL,23,0.997536,2,60,120,water,100725.793001,2026-09-26T15:09:36.525,2026-09-26T15:09:38.525
1400rpm_good_4_tubes_balanced_run06,1400rpm_good_4_tubes_balanced_run06.csv,1400,6,0,24-position rotor,1;7;13;19,1:1.00 mL; 7:1.00 mL; 13:1.00 mL; 19:1.00 mL,23,0.997536,2,60,120,water,100725.793001,2026-09-26T15:12:36.525,2026-09-26T15:12:38.525
1400rpm_imbalance_2_tubes_1ml_0p90ml_run01,1400rpm_imbalance_2_tubes_1ml_0p90ml_run01.csv,1400,1,1,24-position rotor,1;13,1:1.00 mL; 13:0.90 mL,23,0.997536,2,60,120,water,100725.793001,2026-09-26T15:15:36.525,2026-09-26T15:15:38.525
1400rpm_imbalance_2_tubes_1ml_0p90ml_run02,1400rpm_imbalance_2_tubes_1ml_0p90ml_run02.csv,1400,2,1,24-position rotor,1;13,1:1.00 mL; 13:0.90 mL,23,0.997536,2,60,120,water,100725.793001,2026-09-26T15:18:36.525,2026-09-26T15:18:38.525
1400rpm_imbalance_2_tubes_1ml_0p95ml_run01,1400rpm_imbalance_2_tubes_1ml_0p95ml_run01.csv,1400,1,1,24-position rotor,1;13,1:1.00 mL; 13:0.95 mL,23,0.997536,2,60,120,water,100725.793001,2026-09-26T15:21:36.525,2026-09-26T15:21:38.525
1400rpm_imbalance_2_tubes_1ml_0p95ml_run02,1400rpm_imbalance_2_tubes_1ml_0p95ml_run02.csv,1400,2,1,24-position rotor,1;13,1:1.00 mL; 13:0.95 mL,23,0.997536,2,60,120,water,100725.793001,2026-09-26T15:24:36.525,2026-09-26T15:24:38.525
1400rpm_imbalance_4_tubes_1ml_1ml_1ml_0p90ml_run01,1400rpm_imbalance_4_tubes_1ml_1ml_1ml_0p90ml_run01.csv,1400,1,1,24-position rotor,1;7;13;19,1:1.00 mL; 7:1.00 mL; 13:1.00 mL; 19:0.90 mL,23,0.997536,2,60,120,water,100725.793001,2026-09-26T15:27:36.525,2026-09-26T15:27:38.525
1400rpm_imbalance_4_tubes_1ml_1ml_1ml_0p90ml_run02,1400rpm_imbalance_4_tubes_1ml_1ml_1ml_0p90ml_run02.csv,1400,2,1,24-position rotor,1;7;13;19,1:1.00 mL; 7:1.00 mL; 13:1.00 mL; 19:0.90 mL,23,0.997536,2,60,120,water,100725.793001,2026-09-26T15:30:36.525,2026-09-26T15:30:38.525
1400rpm_imbalance_4_tubes_1ml_1ml_1ml_0p95ml_run01,1400rpm_imbalance_4_tubes_1ml_1ml_1ml_0p95ml_run01.csv,1400,1,1,24-position rotor,1;7;13;19,1:1.00 mL; 7:1.00 mL; 13:1.00 mL; 19:0.95 mL,23,0.997536,2,60,120,water,100725.793001,2026-09-26T15:33:36.525,2026-09-26T15:33:38.525
1400rpm_imbalance_4_tubes_1ml_1ml_1ml_0p95ml_run02,1400rpm_imbalance_4_tubes_1ml_1ml_1ml_0p95ml_run02.csv,1400,2,1,24-position rotor,1;7;13;19,1:1.00 mL; 7:1.00 mL; 13:1.00 mL; 19:0.95 mL,23,0.997536,2,60,120,water,100725.793001,2026-09-26T15:36:36.525,2026-09-26T15:36:38.525
1400rpm_imbalance_4_tubes_adjacent_1ml_1ml_0p95ml_0p95ml_run01,1400rpm_imbalance_4_tubes_adjacent_1ml_1ml_0p95ml_0p95ml_run01.csv,1400,1,1,24-position rotor,1;2;13;14,1:1.00 mL; 2:1.00 mL; 13:0.95 mL; 14:0.95 mL,23,0.997536,2,60,120,water,100725.793001,2026-09-26T15:39:36.525,2026-09-26T15:39:38.525
1400rpm_imbalance_4_tubes_adjacent_1ml_1ml_0p95ml_0p95ml_run02,1400rpm_imbalance_4_tubes_adjacent_1ml_1ml_0p95ml_0p95ml_run02.csv,1400,2,1,24-position rotor,1;2;13;14,1:1.00 mL; 2:1.00 mL; 13:0.95 mL; 14:0.95 mL,23,0.997536,2,60,120,water,100725.793001,2026-09-26T15:42:36.525,2026-09-26T15:42:38.525
700rpm_good_2_tubes_balanced_run01,700rpm_good_2_tubes_balanced_run01.csv,700,1,0,24-position rotor,1;13,1:1.00 mL; 13:1.00 mL,23,0.997536,2,60,120,water,100725.793001,2026-09-26T15:45:36.525,2026-09-26T15:45:38.525
700rpm_good_2_tubes_balanced_run02,700rpm_good_2_tubes_balanced_run02.csv,700,2,0,24-position rotor,1;13,1:1.00 mL; 13:1.00 mL,23,0.997536,2,60,120,water,100725.793001,2026-09-26T15:48:36.525,2026-09-26T15:48:38.525
700rpm_good_2_tubes_balanced_run03,700rpm_good_2_tubes_balanced_run03.csv,700,3,0,24-position rotor,1;13,1:1.00 mL; 13:1.00 mL,23,0.997536,2,60,120,water,100725.793001,2026-09-26T15:51:36.525,2026-09-26T15:51:38.525
700rpm_good_2_tubes_balanced_run04,700rpm_good_2_tubes_balanced_run04.csv,700,4,0,24-position rotor,1;13,1:1.00 mL; 13:1.00 mL,23,0.997536,2,60,120,water,100725.793001,2026-09-26T15:54:36.525,2026-09-26T15:54:38.525
700rpm_good_4_tubes_balanced_run01,700rpm_good_4_tubes_balanced_run01.csv,700,1,0,24-position rotor,1;7;13;19,1:1.00 mL; 7:1.00 mL; 13:1.00 mL; 19:1.00 mL,23,0.997536,2,60,120,water,100725.793001,2026-09-26T15:57:36.525,2026-09-26T15:57:38.525
700rpm_good_4_tubes_balanced_run02,700rpm_good_4_tubes_balanced_run02.csv,700,2,0,24-position rotor,1;7;13;19,1:1.00 mL; 7:1.00 mL; 13:1.00 mL; 19:1.00 mL,23,0.997536,2,60,120,water,100725.793001,2026-09-26T16:00:36.525,2026-09-26T16:00:38.525
700rpm_good_4_tubes_balanced_run03,700rpm_good_4_tubes_balanced_run03.csv,700,3,0,24-position rotor,1;7;13;19,1:1.00 mL; 7:1.00 mL; 13:1.00 mL; 19:1.00 mL,23,0.997536,2,60,120,water,100725.793001,2026-09-26T16:03:36.525,2026-09-26T16:03:38.525
700rpm_good_4_tubes_balanced_run04,700rpm_good_4_tubes_balanced_run04.csv,700,4,0,24-position rotor,1;7;13;19,1:1.00 mL; 7:1.00 mL; 13:1.00 mL; 19:1.00 mL,23,0.997536,2,60,120,water,100725.793001,2026-09-26T16:06:36.525,2026-09-26T16:06:38.525
700rpm_good_4_tubes_balanced_run05,700rpm_good_4_tubes_balanced_run05.csv,700,5,0,24-position rotor,1;7;13;19,1:1.00 mL; 7:1.00 mL; 13:1.00 mL; 19:1.00 mL,23,0.997536,2,60,120,water,100725.793001,2026-09-26T16:09:36.525,2026-09-26T16:09:38.525
700rpm_good_4_tubes_balanced_run06,700rpm_good_4_tubes_balanced_run06.csv,700,6,0,24-position rotor,1;7;13;19,1:1.00 mL; 7:1.00 mL; 13:1.00 mL; 19:1.00 mL,23,0.997536,2,60,120,water,100725.793001,2026-09-26T16:12:36.525,2026-09-26T16:12:38.525
700rpm_imbalance_2_tubes_1ml_0p90ml_run01,700rpm_imbalance_2_tubes_1ml_0p90ml_run01.csv,700,1,1,24-position rotor,1;13,1:1.00 mL; 13:0.90 mL,23,0.997536,2,60,120,water,100725.793001,2026-09-26T16:15:36.525,2026-09-26T16:15:38.525
700rpm_imbalance_2_tubes_1ml_0p90ml_run02,700rpm_imbalance_2_tubes_1ml_0p90ml_run02.csv,700,2,1,24-position rotor,1;13,1:1.00 mL; 13:0.90 mL,23,0.997536,2,60,120,water,100725.793001,2026-09-26T16:18:36.525,2026-09-26T16:18:38.525
700rpm_imbalance_2_tubes_1ml_0p95ml_run01,700rpm_imbalance_2_tubes_1ml_0p95ml_run01.csv,700,1,1,24-position rotor,1;13,1:1.00 mL; 13:0.95 mL,23,0.997536,2,60,120,water,100725.793001,2026-09-26T16:21:36.525,2026-09-26T16:21:38.525
700rpm_imbalance_2_tubes_1ml_0p95ml_run02,700rpm_imbalance_2_tubes_1ml_0p95ml_run02.csv,700,2,1,24-position rotor,1;13,1:1.00 mL; 13:0.95 mL,23,0.997536,2,60,120,water,100725.793001,2026-09-26T16:24:36.525,2026-09-26T16:24:38.525
700rpm_imbalance_4_tubes_1ml_1ml_1ml_0p90ml_run01,700rpm_imbalance_4_tubes_1ml_1ml_1ml_0p90ml_run01.csv,700,1,1,24-position rotor,1;7;13;19,1:1.00 mL; 7:1.00 mL; 13:1.00 mL; 19:0.90 mL,23,0.997536,2,60,120,water,100725.793001,2026-09-26T16:27:36.525,2026-09-26T16:27:38.525
700rpm_imbalance_4_tubes_1ml_1ml_1ml_0p90ml_run02,700rpm_imbalance_4_tubes_1ml_1ml_1ml_0p90ml_run02.csv,700,2,1,24-position rotor,1;7;13;19,1:1.00 mL; 7:1.00 mL; 13:1.00 mL; 19:0.90 mL,23,0.997536,2,60,120,water,100725.793001,2026-09-26T16:30:36.525,2026-09-26T16:30:38.525
700rpm_imbalance_4_tubes_1ml_1ml_1ml_0p95ml_run01,700rpm_imbalance_4_tubes_1ml_1ml_1ml_0p95ml_run01.csv,700,1,1,24-position rotor,1;7;13;19,1:1.00 mL; 7:1.00 mL; 13:1.00 mL; 19:0.95 mL,23,0.997536,2,60,120,water,100725.793001,2026-09-26T16:33:36.525,2026-09-26T16:33:38.525
700rpm_imbalance_4_tubes_1ml_1ml_1ml_0p95ml_run02,700rpm_imbalance_4_tubes_1ml_1ml_1ml_0p95ml_run02.csv,700,2,1,24-position rotor,1;7;13;19,1:1.00 mL; 7:1.00 mL; 13:1.00 mL; 19:0.95 mL,23,0.997536,2,60,120,water,100725.793001,2026-09-26T16:36:36.525,2026-09-26T16:36:38.525
700rpm_imbalance_4_tubes_adjacent_1ml_1ml_0p95ml_0p95ml_run01,700rpm_imbalance_4_tubes_adjacent_1ml_1ml_0p95ml_0p95ml_run01.csv,700,1,1,24-position rotor,1;2;13;14,1:1.00 mL; 2:1.00 mL; 13:0.95 mL; 14:0.95 mL,23,0.997536,2,60,120,water,100725.793001,2026-09-26T16:39:36.525,2026-09-26T16:39:38.525
700rpm_imbalance_4_tubes_adjacent_1ml_1ml_0p95ml_0p95ml_run02,700rpm_imbalance_4_tubes_adjacent_1ml_1ml_0p95ml_0p95ml_run02.csv,700,2,1,24-position rotor,1;2;13;14,1:1.00 mL; 2:1.00 mL; 13:0.95 mL; 14:0.95 mL,23,0.997536,2,60,120,water,100725.793001,2026-09-26T16:42:36.525,2026-09-26T16:42:38.525
